doctor_id,name,specialization,email
1,Dr. Name1,Urology,doctor1@hospital.com
2,Dr. Name2,Gastroenterology,doctor2@hospital.com
3,Dr. Name3,Cardiology,doctor3@hospital.com
4,Dr. Name4,ENT,doctor4@hospital.com
5,Dr. Name5,Pediatrics,doctor5@hospital.com
6,Dr. Name6,Orthopedics,doctor6@hospital.com
7,Dr. Name7,Urology,doctor7@hospital.com
8,Dr. Name8,Cardiology,doctor8@hospital.com
9,Dr. Name9,Gynecology,doctor9@hospital.com
10,Dr. Name10,Pediatrics,doctor10@hospital.com
11,Dr. Name11,Urology,doctor11@hospital.com
12,Dr. Name12,Neurology,doctor12@hospital.com
13,Dr. Name13,Urology,doctor13@hospital.com
14,Dr. Name14,Orthopedics,doctor14@hospital.com
15,Dr. Name15,Gastroenterology,doctor15@hospital.com
16,Dr. Name16,Gastroenterology,doctor16@hospital.com
17,Dr. Name17,Gastroenterology,doctor17@hospital.com
18,Dr. Name18,Urology,doctor18@hospital.com
19,Dr. Name19,ENT,doctor19@hospital.com
20,Dr. Name20,Gynecology,doctor20@hospital.com
21,Dr. Name21,Gynecology,doctor21@hospital.com
22,Dr. Name22,Oncology,doctor22@hospital.com
23,Dr. Name23,Pediatrics,doctor23@hospital.com
24,Dr. Name24,Urology,doctor24@hospital.com
25,Dr. Name25,Pediatrics,doctor25@hospital.com
26,Dr. Name26,Cardiology,doctor26@hospital.com
27,Dr. Name27,Gynecology,doctor27@hospital.com
28,Dr. Name28,Urology,doctor28@hospital.com
29,Dr. Name29,Oncology,doctor29@hospital.com
30,Dr. Name30,Cardiology,doctor30@hospital.com
31,Dr. Name31,Gynecology,doctor31@hospital.com
32,Dr. Name32,Neurology,doctor32@hospital.com
33,Dr. Name33,Neurology,doctor33@hospital.com
34,Dr. Name34,Urology,doctor34@hospital.com
35,Dr. Name35,Neurology,doctor35@hospital.com
36,Dr. Name36,Gynecology,doctor36@hospital.com
37,Dr. Name37,Pediatrics,doctor37@hospital.com
38,Dr. Name38,Oncology,doctor38@hospital.com
39,Dr. Name39,Cardiology,doctor39@hospital.com
40,Dr. Name40,Pediatrics,doctor40@hospital.com
41,Dr. Name41,Dermatology,doctor41@hospital.com
42,Dr. Name42,Oncology,doctor42@hospital.com
43,Dr. Name43,Dermatology,doctor43@hospital.com
44,Dr. Name44,Gynecology,doctor44@hospital.com
45,Dr. Name45,Cardiology,doctor45@hospital.com
46,Dr. Name46,Oncology,doctor46@hospital.com
47,Dr. Name47,Neurology,doctor47@hospital.com
48,Dr. Name48,Cardiology,doctor48@hospital.com
49,Dr. Name49,Urology,doctor49@hospital.com
50,Dr. Name50,Oncology,doctor50@hospital.com
51,Dr. Name51,Dermatology,doctor51@hospital.com
52,Dr. Name52,Neurology,doctor52@hospital.com
53,Dr. Name53,Pediatrics,doctor53@hospital.com
54,Dr. Name54,Orthopedics,doctor54@hospital.com
55,Dr. Name55,Pediatrics,doctor55@hospital.com
56,Dr. Name56,ENT,doctor56@hospital.com
57,Dr. Name57,Gastroenterology,doctor57@hospital.com
58,Dr. Name58,Pediatrics,doctor58@hospital.com
59,Dr. Name59,ENT,doctor59@hospital.com
60,Dr. Name60,Urology,doctor60@hospital.com
61,Dr. Name61,Dermatology,doctor61@hospital.com
62,Dr. Name62,Cardiology,doctor62@hospital.com
63,Dr. Name63,Dermatology,doctor63@hospital.com
64,Dr. Name64,Oncology,doctor64@hospital.com
65,Dr. Name65,Pediatrics,doctor65@hospital.com
66,Dr. Name66,Gynecology,doctor66@hospital.com
67,Dr. Name67,Urology,doctor67@hospital.com
68,Dr. Name68,Oncology,doctor68@hospital.com
69,Dr. Name69,Gynecology,doctor69@hospital.com
70,Dr. Name70,Pediatrics,doctor70@hospital.com
71,Dr. Name71,Oncology,doctor71@hospital.com
72,Dr. Name72,Orthopedics,doctor72@hospital.com
73,Dr. Name73,Dermatology,doctor73@hospital.com
74,Dr. Name74,Orthopedics,doctor74@hospital.com
75,Dr. Name75,Neurology,doctor75@hospital.com
76,Dr. Name76,Gynecology,doctor76@hospital.com
77,Dr. Name77,Orthopedics,doctor77@hospital.com
78,Dr. Name78,Gastroenterology,doctor78@hospital.com
79,Dr. Name79,Neurology,doctor79@hospital.com
80,Dr. Name80,Cardiology,doctor80@hospital.com
81,Dr. Name81,Urology,doctor81@hospital.com
82,Dr. Name82,Dermatology,doctor82@hospital.com
83,Dr. Name83,Urology,doctor83@hospital.com
84,Dr. Name84,Pediatrics,doctor84@hospital.com
85,Dr. Name85,Neurology,doctor85@hospital.com
86,Dr. Name86,Gastroenterology,doctor86@hospital.com
87,Dr. Name87,Oncology,doctor87@hospital.com
88,Dr. Name88,Gastroenterology,doctor88@hospital.com
89,Dr. Name89,Oncology,doctor89@hospital.com
90,Dr. Name90,Neurology,doctor90@hospital.com
91,Dr. Name91,Gynecology,doctor91@hospital.com
92,Dr. Name92,Gastroenterology,doctor92@hospital.com
93,Dr. Name93,Dermatology,doctor93@hospital.com
94,Dr. Name94,Urology,doctor94@hospital.com
95,Dr. Name95,Gynecology,doctor95@hospital.com
96,Dr. Name96,Orthopedics,doctor96@hospital.com
97,Dr. Name97,Neurology,doctor97@hospital.com
98,Dr. Name98,Gastroenterology,doctor98@hospital.com
99,Dr. Name99,ENT,doctor99@hospital.com
100,Dr. Name100,Gastroenterology,doctor100@hospital.com
101,Dr. Name101,ENT,doctor101@hospital.com
102,Dr. Name102,Gynecology,doctor102@hospital.com
103,Dr. Name103,ENT,doctor103@hospital.com
104,Dr. Name104,Oncology,doctor104@hospital.com
105,Dr. Name105,Gastroenterology,doctor105@hospital.com
106,Dr. Name106,Orthopedics,doctor106@hospital.com
107,Dr. Name107,Dermatology,doctor107@hospital.com
108,Dr. Name108,Cardiology,doctor108@hospital.com
109,Dr. Name109,Cardiology,doctor109@hospital.com
110,Dr. Name110,Urology,doctor110@hospital.com
111,Dr. Name111,ENT,doctor111@hospital.com
112,Dr. Name112,Gynecology,doctor112@hospital.com
113,Dr. Name113,Dermatology,doctor113@hospital.com
114,Dr. Name114,ENT,doctor114@hospital.com
115,Dr. Name115,Urology,doctor115@hospital.com
116,Dr. Name116,Dermatology,doctor116@hospital.com
117,Dr. Name117,Urology,doctor117@hospital.com
118,Dr. Name118,Gynecology,doctor118@hospital.com
119,Dr. Name119,Cardiology,doctor119@hospital.com
120,Dr. Name120,Oncology,doctor120@hospital.com
121,Dr. Name121,Oncology,doctor121@hospital.com
122,Dr. Name122,Pediatrics,doctor122@hospital.com
123,Dr. Name123,Cardiology,doctor123@hospital.com
124,Dr. Name124,Dermatology,doctor124@hospital.com
125,Dr. Name125,Neurology,doctor125@hospital.com
126,Dr. Name126,Gynecology,doctor126@hospital.com
127,Dr. Name127,Cardiology,doctor127@hospital.com
128,Dr. Name128,Dermatology,doctor128@hospital.com
129,Dr. Name129,Oncology,doctor129@hospital.com
130,Dr. Name130,ENT,doctor130@hospital.com
131,Dr. Name131,Dermatology,doctor131@hospital.com
132,Dr. Name132,Cardiology,doctor132@hospital.com
133,Dr. Name133,Neurology,doctor133@hospital.com
134,Dr. Name134,Gastroenterology,doctor134@hospital.com
135,Dr. Name135,ENT,doctor135@hospital.com
136,Dr. Name136,ENT,doctor136@hospital.com
137,Dr. Name137,Gynecology,doctor137@hospital.com
138,Dr. Name138,Neurology,doctor138@hospital.com
139,Dr. Name139,Cardiology,doctor139@hospital.com
140,Dr. Name140,Urology,doctor140@hospital.com
141,Dr. Name141,Orthopedics,doctor141@hospital.com
142,Dr. Name142,ENT,doctor142@hospital.com
143,Dr. Name143,Gynecology,doctor143@hospital.com
144,Dr. Name144,Pediatrics,doctor144@hospital.com
145,Dr. Name145,Gastroenterology,doctor145@hospital.com
146,Dr. Name146,Gastroenterology,doctor146@hospital.com
147,Dr. Name147,ENT,doctor147@hospital.com
148,Dr. Name148,Neurology,doctor148@hospital.com
149,Dr. Name149,Neurology,doctor149@hospital.com
150,Dr. Name150,Urology,doctor150@hospital.com
